id,first_name,last_name,email,gender,group
1,Merridie,McIleen,merridie_McIleen@gmail.com,Female,250.237.195.239
2,Peta,Boynton,peta_Boynton@gmail.com,Female,61.158.233.26
3,Idalia,Clail,idalia_Clail@gmail.com,Female,106.76.214.206
4,Silvester,Berthel,silvester_Berthel@gmail.com,Male,71.170.227.44
5,Camala,Hehnke,camala_Hehnke@gmail.com,Female,242.103.71.0
6,Cleveland,Kidwell,cleveland_Kidwell@gmail.com,Male,128.158.127.197
7,Maximilien,Mitskevich,maximilien_Mitskevich@gmail.com,Male,228.161.222.90
8,Jamaal,Matiebe,jamaal_Matiebe@gmail.com,Male,241.229.104.1
9,Clarita,Chattelaine,clarita_Chattelaine@gmail.com,Female,226.183.160.193
10,Hercules,Brody,hercules_Brody@gmail.com,Male,220.50.104.216
